firm,website,status,careers_page,external_job_platform,opening_words_found,no_opening_phrase,result
365 Capital,https://365capital.com/,ok,,,,,NO CAREERS PAGE FOUND
3i Benelux,http://www.3i.com,ok,http://www.3i.com/about-us/careers/,https://3i.wd103.myworkdayjobs.com/Intern_Career,internship,,JOBS ON EXTERNAL PLATFORM - CHECK LINK
4impact capital,https://www.4impact.vc/,ok,,,,,NO CAREERS PAGE FOUND
5square,http://www.5square.nl,ok,,,,,NO CAREERS PAGE FOUND
819 Capital Partners,https://www.819-capital.com,ok,,,,,NO CAREERS PAGE FOUND
AAC Capital Partners Holding,http://www.aaccapital.com,ok,,,,,NO CAREERS PAGE FOUND
Abenex,https://www.abenex.com/,ok,https://www.abenex.com/fr/page/equipe#section-58,,analyst,,LIKELY OPENINGS
ABN AMRO Corporate Investments,https://www.abnamro.nl/en/commercialbanking/corporates-institutionals/products/expand-your-business/private-equity.html,ok,https://www.werkenbijabnamro.nl/en/,,"internship, traineeship, vacancies, vacancy, vacature",,LIKELY OPENINGS
Active Capital Company,https://www.activecapitalcompany.com/,ok,https://www.activecapitalcompany.com/jobs,,"open position, vacancies",no open vacancies,UNCLEAR - CHECK BY HAND
Advent International plc,https://www.adventinternational.com/,ok,,,,,NO CAREERS PAGE FOUND
Alder Tree Investments,https://www.aldertreecharity.nl,ok,,,,,NO CAREERS PAGE FOUND
AlpInvest Partners,https://www.alpinvest.com/,error: HTTPError,,,,,CHECK BY HAND
Antea Participaties,http://www.antea.nl,ok,https://www.antea.nl/vacature-antea-zoekt-een-associate-die-verder-kijkt-dan-een-spreadsheet/,,"associate, vacature",,LIKELY OPENINGS
Anterra Capital,https://anterracapital.com/,ok,,,,,NO CAREERS PAGE FOUND
Argos Wityu,https://argos.wityu.fund/,ok,https://argos.fund/careersen/,,,,"CAREERS PAGE, NO OPENINGS DETECTED"
Avedon Capital Partners,http://www.avedoncapital.com,error: HTTPError,,,,,CHECK BY HAND
AVerest Capital,https://www.averest.nl/,ok,https://www.averest.nl/vacatures,,"stagiair, vacature",,LIKELY OPENINGS
AXECO Participaties,https://www.axeco.nl/participaties/,ok,,,,,NO CAREERS PAGE FOUND
BB Capital Investments,http://www.bbcapital.nl,ok,https://bbcapital.nl/carriere/,,"intern, internship, vacature",Open sollicitatie,UNCLEAR - CHECK BY HAND
Beek Capital,https://www.beekcapital.nl/en/,ok,,,,,NO CAREERS PAGE FOUND
Bencis Capital Partners,http://www.bencis.nl,ok,,,,,NO CAREERS PAGE FOUND
Berk Partners,http://www.berkpartners.nl,ok,,,,,NO CAREERS PAGE FOUND
BioGeneration Ventures,http://www.biogenerationventures.com,ok,https://biogenerationventures.com/en/careers/,,vacancy,open application,UNCLEAR - CHECK BY HAND
Bolster Investment Partners,http://www.bolsterinvestments.nl/,ok,https://bolsterinvestments.nl/werken-bij/,,"associate, intern, stagiair, vacature",,LIKELY OPENINGS
Brabantse Ontwikkelings Maatschappij,http://www.bom.nl,ok,https://www.bom.nl/werken-bij,https://rift.recruitee.com/o/head-of-engineering?utm_source=BOM+job+board&utm_medium=getro.com&gh_src=BOM+job+board,"analyst, associate, vacature, werkstudent",Open sollicitatie,JOBS ON EXTERNAL PLATFORM - CHECK LINK
Bridgepoint Netherlands,http://www.bridgepoint.eu,ok,,,,,NO CAREERS PAGE FOUND
Brightlands Venture Partners,https://brightlandsventurepartners.com/,ok,,,,,NO CAREERS PAGE FOUND
Cape Investment Partners,https://www.capeinvestments.nl/,ok,,,,,NO CAREERS PAGE FOUND
Capital A,https://www.capitalapartners.nl/,ok,,,,,NO CAREERS PAGE FOUND
Capricorn Partners NV,https://www.capricorn.be/en,ok,,,,,NO CAREERS PAGE FOUND
Carlyle Group,https://www.carlyle.com/,error: HTTPError,,,,,CHECK BY HAND
Chrysalix Venture Capital,http://www.chrysalix.com/,ok,,,,,NO CAREERS PAGE FOUND
Cinven Partners,https://www.cinven.com/,ok,https://cinven.pinpointhq.com/,,,,"CAREERS PAGE, NO OPENINGS DETECTED"
Committed Capital Management,https://committedcapital.nl/,ok,https://committedcapital.nl/over-ons/werken-bij/,,"stage, vacature",,LIKELY OPENINGS
Convent Capital,https://conventcapital.nl/en/,ok,,,,,NO CAREERS PAGE FOUND
Cottonwood Technology Fund,https://www.cottonwood.vc,ok,https://www.cottonwood.vc/seed-stage/,,stage,,LIKELY OPENINGS
Craft Capital B.V.,https://www.craftcapital.nl,ok,https://www.craftcapital.nl/team/vacature,,"analyst, associate, intern, stage, stagiair, vacature",,LIKELY OPENINGS
Curie Capital,https://www.curiecapital.nl/,ok,,,,,NO CAREERS PAGE FOUND
CVC Advisers,https://www.cvc.com/,ok,,,,,NO CAREERS PAGE FOUND
CVC DIF,https://www.dif.eu/,ok,https://www.dif.eu/careers,,job opening,,LIKELY OPENINGS
Damen Maritime Ventures Participations,https://www.damen.com,ok,https://career.damen.com,https://damen.wd3.myworkdayjobs.com/en-US/Damen_Careers,"traineeship, vacancies, vacancy",,JOBS ON EXTERNAL PLATFORM - CHECK LINK
DeepTechXL Fund Management,https://www.deeptechxl.com/,ok,https://www.deeptechxl.com/careers,,,,"CAREERS PAGE, NO OPENINGS DETECTED"
Dei Capital Management,https://www.dei-capital.com/,ok,,,,,NO CAREERS PAGE FOUND
DELTA Equity Partners,https://delta-equitypartners.com/,ok,,,,,NO CAREERS PAGE FOUND
DFF Ventures,https://www.dff.ventures/,ok,,,,,"CAREERS PAGE, NO OPENINGS DETECTED"
Dolfin,http://www.dolfincapital.com/,ok,,,,,NO CAREERS PAGE FOUND
Écart Invest,http://www.ecart.nl,ok,,,,,NO CAREERS PAGE FOUND
ECFG Venture Capital,https://ecfg.nl/en/venture-capital/,ok,https://ecfg.nl/en/over-ecfg/onze-vacatures/,,"job opening, vacancies",no open vacancies,UNCLEAR - CHECK BY HAND
Egeria Capital Management,http://www.egeria.nl,ok,https://egeriagroup.com/career/,https://egeria.recruitee.com/,"associate, vacancies",Open application,JOBS ON EXTERNAL PLATFORM - CHECK LINK
EQT Life Sciences,https://eqtgroup.com/private-capital/eqt-life-sciences,ok,https://eqtgroup.com/thinq/early-stage/cancer-cure-breakthrough-will-come-from-early-stage-investments-not-big-pharma,https://job-boards.eu.greenhouse.io/eqtpartners/jobs/4282949101,"analyst, associate, job opening, stage, we are looking",,JOBS ON EXTERNAL PLATFORM - CHECK LINK
EQT Partners Netherlands,https://eqtgroup.com/private-capital/private-equity/,ok,https://eqtgroup.com/thinq/Education/what-are-the-different-stages-of-private-equity,https://job-boards.eu.greenhouse.io/eqtpartners/jobs/4282949101,"analyst, associate, job opening, stage, we are looking",,JOBS ON EXTERNAL PLATFORM - CHECK LINK
Esses Capital Partners,https://www.essescapitalpartners.com/,ok,,,,,NO CAREERS PAGE FOUND
Fairtree Elevant Management B.V.,https://www.fairtree.com/elevantventures/,ok,https://www.fairtree.com/careers/,,,,"CAREERS PAGE, NO OPENINGS DETECTED"
Forbion,http://www.forbion.com,ok,http://www.forbion.com/about-us/careers/,,"analyst, stage",,LIKELY OPENINGS
Freshstream Netherlands,https://freshstream.com/,ok,,,,,NO CAREERS PAGE FOUND
Gilde Equity Management,http://www.gembenelux.com,ok,,,,,NO CAREERS PAGE FOUND
Gilde Healthcare Partners,http://www.gildehealthcare.com,ok,http://www.gildehealthcare.com/career-opportunities,,,,"CAREERS PAGE, NO OPENINGS DETECTED"
Gimv Nederland Holding,http://www.gimv.nl,ok,,,,,"CAREERS PAGE, NO OPENINGS DETECTED"
Graduate Ventures Pre-Seed,https://www.graduate.nl/,ok,https://jobs.graduate.nl/jobs,,"intern, internship, job opening",Open application,UNCLEAR - CHECK BY HAND
Health Investment Partners,http://healthinvestmentpartners.nl/,ok,,,,,NO CAREERS PAGE FOUND
Holland Capital Management,https://hollandcapital.nl/,ok,https://hollandcapital.nl/vacatures-investeringsmaatschappij/,,"analyst, intern, internship, praktikum, stage, vacancies, vacature, we are looking",open sollicitatie,UNCLEAR - CHECK BY HAND
Horizon Flevoland,https://www.horizonflevoland.nl/ik-zoek-geld,error: HTTPError,,,,,CHECK BY HAND
Horticoop,https://www.horticoop.nl/,ok,,,,,NO CAREERS PAGE FOUND
HPE Growth,http://www.hpegrowthcapital.com,ok,,,,,"CAREERS PAGE, NO OPENINGS DETECTED"
IBS Fund Management,https://ibsca.nl/,error: HTTPError,,,,,CHECK BY HAND
IceLake Capital,https://www.icelakecapital.com/,ok,https://icelake.com/careers/,,"internship, we are looking",,LIKELY OPENINGS
ICOS Capital Management,http://www.icoscapital.com,ok,,,,,NO CAREERS PAGE FOUND
Imec.istart,https://www.imecistart.com/,ok,https://www.imecistart.com/en/jobs,,,,"CAREERS PAGE, NO OPENINGS DETECTED"
imecXpand,https://imecxpand.com/,ok,,,,,NO CAREERS PAGE FOUND
Impuls Zeeland,https://www.impulszeeland.nl/nl/het-Zeeuws-Participatiefonds,ok,https://www.impulszeeland.nl/over/vacatures,,vacature,open sollicitatie,UNCLEAR - CHECK BY HAND
Indofin Group,https://www.indofin.com/,ok,,,,,NO CAREERS PAGE FOUND
Infinity Recycling,http://www.infinity-recycling.com/,error: HTTPError,,,,,CHECK BY HAND
Inflexion,https://www.inflexion.com/,ok,,,,,NO CAREERS PAGE FOUND
ING Corporate Investments B.V.,https://www.ingwb.com/en/strategic-finance/corporate-investments,error: ReadTimeout,,,,,CHECK BY HAND
Innovatiefonds Noord-Holland,https://www.innovatiefondsnoordholland.nl,ok,,,,,NO CAREERS PAGE FOUND
Innovation Industries,http://www.innovationindustries.com,ok,http://www.innovationindustries.com/careers,,,,"CAREERS PAGE, NO OPENINGS DETECTED"
InnovationQuarter,https://www.innovationquarter.nl/,ok,https://www.innovationquarter.nl/werken-bij/,,vacature,,LIKELY OPENINGS
Intersaction,http://www.intersaction.com/,ok,https://intersaction.com/nl/team/vacatures,,"stagiair, vacature",,LIKELY OPENINGS
Invest NL,https://www.invest-nl.nl/,ok,,,,,NO CAREERS PAGE FOUND
Karmijn Kapitaal,http://www.karmijnkapitaal.nl,ok,https://jobs.karmijnkapitaal.nl/jobs,,"intern, stagiair, vacancies",,LIKELY OPENINGS
Knop Investments B.V.,https://www.knopinvestments.com,ok,,,,,NO CAREERS PAGE FOUND
Kohlberg Kravis Roberts & Co Partners,https://www.kkr.com/,ok,https://www.kkr.com/,,stage,,LIKELY OPENINGS
Levine Leichtman Capital Partners,http://www.llcp.com,ok,,,,,NO CAREERS PAGE FOUND
Lexar Partners,https://lexarpartners.com/,ok,https://lexarpartners.com/werken-bij/,,"internship, stagiair, vacancies, vacature",,LIKELY OPENINGS
LIOF,http://www.liof.nl,ok,https://werkenbijliof.nl/,,vacature,,LIKELY OPENINGS
LUMO Labs,https://lumolabs.io/,ok,https://lumolabs.io/jobs/,,"analyst, associate, open position",,LIKELY OPENINGS
Main Capital Partners,http://www.main.nl,ok,https://main.nl/vacancies/,,vacancies,,LIKELY OPENINGS
Marktlink Capital,https://www.marktlinkcapital.com/nl/,ok,https://careers.marktlinkcapital.com/,https://recruitee.com,"intern, open position",,JOBS ON EXTERNAL PLATFORM - CHECK LINK
Mentha Capital,https://mentha.eu/,ok,https://mentha.eu/vacancies/,,"intern, vacancies",,LIKELY OPENINGS
MGF,https://www.mgf.nl/,ok,,,,,NO CAREERS PAGE FOUND
Move Energy Fund Management B.V.,https://www.moveenergy.vc,error: HTTPError,,,,,CHECK BY HAND
Navitas Capital,http://www.navitascapital.nl,ok,http://www.navitascapital.nl/vacatures,,"associate, stage, stagiair, vacancy, vacature",,LIKELY OPENINGS
Newion Partners,https://newion.com/,ok,,,,,NO CAREERS PAGE FOUND
NewPort Capital,https://www.newport.capital/nl/,ok,,,,,NO CAREERS PAGE FOUND
NextGen Ventures,https://nextgenventures.nl/,ok,https://nextgenventures.nl/#tab-1724404535-1-163,,stage,,LIKELY OPENINGS
NLC Health,https://nlc.health/,ok,https://sifted.eu/articles/most-active-early-stage-healthtech-investors,,"associate, stage",,LIKELY OPENINGS
NLI Capital,https://www.nlinvesteert.nl/fondsen/nli-capital/,ok,https://www.nlinvesteert.nl/vacatures/,,vacature,,LIKELY OPENINGS
Nobel Capital Partners,https://nobelcapital.com/,ok,,,,,NO CAREERS PAGE FOUND
NOM,https://www.nom.nl/,ok,https://www.nom.nl/over-ons/werken-bij-de-nom/,,vacature,open sollicitatie,UNCLEAR - CHECK BY HAND
Nordian Capital Partners,http://www.nordian.nl,ok,,,,,NO CAREERS PAGE FOUND
NPM Capital N.V.,http://www.npm-capital.com,ok,,,,,NO CAREERS PAGE FOUND
O2 Capital Partners B.V.,https://o2capital.nl/,ok,,,,,NO CAREERS PAGE FOUND
One Two Capital,https://www.onetwocapital.com/nl/,ok,https://www.onetwocapital.com/nl/carriere,,"analyst, stagiair, vacature",,LIKELY OPENINGS
Oost NL,https://oostnl.nl/nl,ok,https://oostnl.nl/werken-bij-oost-nl,,vacature,,LIKELY OPENINGS
Panta Holdings B.V.,https://www.pantaholdings.nl,ok,https://pantaholdings.nl/werken-bij/,,vacature,geen vacatures,UNCLEAR - CHECK BY HAND
Parcom,http://www.parcom.com,ok,,,,,NO CAREERS PAGE FOUND
Photon Capital Partners,https://www.photoncapital.com,ok,,,,,NO CAREERS PAGE FOUND
Plain Vanilla Investments,http://www.plainvanilla.nl,ok,http://www.plainvanilla.nl/jobs,,,,"CAREERS PAGE, NO OPENINGS DETECTED"
Pontex Investment Partners,https://pontex-ip.nl/,error: HTTPError,,,,,CHECK BY HAND
Pride Capital Partners,https://www.pridecapital.nl/,ok,https://www.pridecapital.nl/vacancies,,"associate, stage, vacancies, we are looking",,LIKELY OPENINGS
Prime Ventures,http://www.primeventures.com,ok,,,,,NO CAREERS PAGE FOUND
Quadrum Capital,http://www.quadrum-capital.nl/,ok,https://www.quadrum-capital.nl/en/about-quadrum/vacancies,,"associate, internship, vacancies",open application,UNCLEAR - CHECK BY HAND
Rabo Investments,https://raboinvestments.com/nl/,ok,,,,,NO CAREERS PAGE FOUND
Rivean Capital,https://riveancapital.com/,ok,,,,,NO CAREERS PAGE FOUND
Riverside Europe,https://www.riversideeurope.com/,error: ConnectionError,,,,,CHECK BY HAND
Rockstart,https://rockstart.com/,ok,https://jobs.rockstart.com/,https://recruitee.com,"internship, open position, stage",,JOBS ON EXTERNAL PLATFORM - CHECK LINK
ROM InWest,https://rominwest.nl/,ok,,https://rominwest.homerun.co/,,,JOBS ON EXTERNAL PLATFORM - CHECK LINK
ROM Utrecht Region,https://www.romutrechtregion.nl/investeren/,error: HTTPError,,,,,CHECK BY HAND
Rubio,https://www.rubio.vc/,error: HTTPError,,,,,CHECK BY HAND
SEAM Investments,https://seaminvestments.nl/,ok,,,,,NO CAREERS PAGE FOUND
SET Ventures,http://www.setventures.com,ok,https://careers.setventures.com/jobs,,"internship, stage",,LIKELY OPENINGS
SHIFT Invest,http://www.shiftinvest.com,ok,,,,,"CAREERS PAGE, NO OPENINGS DETECTED"
Smile Invest,http://www.smile-invest.com,ok,,,,,NO CAREERS PAGE FOUND
Smile Sail & AI N.V.,https://www.smile-sail.com/,ok,,,,,NO CAREERS PAGE FOUND
Sofindev Management N.V.,https://www.sofindev.com,ok,https://www.sofindev.com/nl/jobs,,"analyst, internship, vacature",momenteel geen,UNCLEAR - CHECK BY HAND
StartGreen Capital,http://www.startgreen.nl,ok,https://startgreen.nl/werken-bij/,,"vacature, we zoeken, wij zoeken",Open sollicitatie,UNCLEAR - CHECK BY HAND
Strong Root Capital,https://www.strongrootcapital.nl/,ok,,,,,NO CAREERS PAGE FOUND
Synergia Capital Partners,http://www.synergia.nl,ok,http://www.synergia.nl/nl/vacatures,,vacature,,LIKELY OPENINGS
Thuja Capital Management,http://www.thujacapital.com,ok,,,,,NO CAREERS PAGE FOUND
TIN Capital,http://www.tiincapital.nl,error: ConnectionError,,,,,CHECK BY HAND
TNO Ventures Holding B.V.,https://ventures.tno.nl/,ok,,,,,NO CAREERS PAGE FOUND
Torqx Capital Partners,https://www.torqxcapital.com/nl/,ok,https://www.torqxcapital.com/nl/intern-programs/,,"stage, stagiair",,LIKELY OPENINGS
TransEquity Network,http://www.transequity.nl,ok,http://www.transequity.nl/vacatures,,vacature,Open sollicitatie,UNCLEAR - CHECK BY HAND
Triton,http://www.triton-partners.com,ok,http://www.triton-partners.com/careers,https://tritonpartners.wd3.myworkdayjobs.com/External,"associate, internship, open position, we are looking",,JOBS ON EXTERNAL PLATFORM - CHECK LINK
Twinning Participaties,https://www.twinningparticipaties.nl/,ok,,,,,NO CAREERS PAGE FOUND
Ufenau Capaital Partners B.V.,https://www.ucp.ch,ok,https://ucp.ch/en/career/,https://ufenau-capital-partners.jobs.personio.com/,"open position, vacancies",,JOBS ON EXTERNAL PLATFORM - CHECK LINK
VADO Beheer,https://www.vado.nl/,ok,,,,,NO CAREERS PAGE FOUND
Value Creation Capital B.V.,https://www.vcxc.com/,ok,,,,,NO CAREERS PAGE FOUND
Value Enhancement Partners,http://www.vepartners.com,ok,,,,,NO CAREERS PAGE FOUND
Value Factory Management B.V.,https://www.valuefactory.vc,ok,,,,,NO CAREERS PAGE FOUND
Vendis Capital Management,http://www.vendiscapital.com,ok,,,,,NO CAREERS PAGE FOUND
Victus Participations,https://victusparticipations.com/,ok,,,,,NO CAREERS PAGE FOUND
Volve Capital,https://www.volve.capital/,ok,https://volve.capital/volve-capital-closes-its-first-e9-million-fund-to-back-tech-foundersat-the-earliest-stages/,,stage,,LIKELY OPENINGS
Vortex Capital Partners,http://www.vortexcp.com,ok,https://vortexcp.com/careers/,,"internship, open position",,LIKELY OPENINGS
VP Capital,https://vpcapital.eu/en/,ok,,,,,NO CAREERS PAGE FOUND
Wadinko,http://www.wadinko.nl,ok,,,,,NO CAREERS PAGE FOUND
Warburg Pincus B.V.,https://www.warburgpincus.com/,ok,https://warburgpincus.com/careers/,,stage,,LIKELY OPENINGS
Waterland Private Equity Investments,http://www.waterland.nu,ok,https://www.waterlandpe.com/nl/carrieres/,,"associate, internship, stage, vacature, we zoeken",,LIKELY OPENINGS
